Dataset,Method,N_Rows,KS_Significant,Mean_KS_Stat,Mean_Wasserstein,TTest_Significant,TTest_Practical,Mean_Cohens_D,MACE,Frobenius_Norm,Corr_of_Corr,PCA_Centroid_Dist,PCA_Cov_Dist,Categorical_JS,Categorical_Coverage
CTGAN_1000,CTGAN,1000,10,0.25080392156862746,173.79430435685745,8,1,0.2783040460489494,0.19925894501045005,3.376615154148054,0.4268352694591831,0.6449191927154369,2.3412127454396914,0.14758518296637724,1.0
CTGAN_5000,CTGAN,5000,10,0.25221820728291316,186.69657363134522,8,2,0.2839694055765342,0.20058448061665812,3.3996545630721466,0.409087369490171,0.6593849514734342,2.589998407527319,0.1473820748299743,1.0
CTGAN_10000,CTGAN,10000,10,0.2523037815126051,216.64568368644927,10,3,0.28672882529422655,0.2013802449378612,3.4034180554041558,0.4060032723753468,0.6999789471105035,2.828390302867688,0.14922044338929893,1.0
GaussianCopula_1000,GaussianCopula,1000,5,0.13087885154061626,85.13152631583537,1,0,0.06654845008971867,0.05818456366430211,0.930119647691264,0.96793547387384,0.10674199388910825,1.178171553235052,0.015513195737969802,1.0
GaussianCopula_5000,GaussianCopula,5000,4,0.1255456582633053,104.23456999973247,1,0,0.051356354095757756,0.05770916717953393,0.9578097505327038,0.9664558209058093,0.15073206439623343,0.9699798602927241,0.0230253268048263,1.0
GaussianCopula_10000,GaussianCopula,10000,5,0.12863242296918767,95.08903441127559,1,0,0.06824038125962055,0.054828810114971135,0.9065464375334182,0.9701799717251406,0.09746151426115712,1.0949173550761995,0.021529465834884187,1.0
TVAE_1000,TVAE,1000,6,0.1172577030812325,64.72504442306087,4,0,0.15511249512582106,0.09016683742716432,1.7519339453938882,0.8831109628822663,0.1865210877119312,2.220795990960003,0.03616755175418648,1.0
TVAE_5000,TVAE,5000,7,0.11817773109243697,62.96778145788597,4,0,0.19000350551707476,0.09122291263701492,1.692607389328057,0.8916978582675267,0.12603886288543,2.242182799854965,0.03530329663958766,1.0
TVAE_10000,TVAE,10000,8,0.11563550420168067,62.272590938233265,3,2,0.21397139621014952,0.08870117637541061,1.7662510623951853,0.8800679536825928,0.13639082606674563,2.2294732931940464,0.03791441003159455,1.0
